id,url_token,name,use_default_avatar,avatar_url,avatar_url_template,is_org,type,url,user_type,headline,gender,is_advertiser,vip_info,badge,is_following,is_followed,follower_count,answer_count,articles_count,is_realname,self_recommend
89bc1c9a38cbaa71a23595fadaa83d15,da-pang-pang-cang-shu,大胖胖仓鼠,False,https://pic1.zhimg.com/v2-834bf34f7588dc0d5e456251f82caf85_l.jpg,https://pic4.zhimg.com/v2-834bf34f7588dc0d5e456251f82caf85.jpg,False,people,https://www.zhihu.com/api/v4/people/da-pang-pang-cang-shu,people,在读大学生,-1,False,"{'is_vip': False, 'rename_days': '60'}",,False,False,0,0,0,True,
4442e9d497d3f5935d25107c8cad9bfa,ajakbej,ajakbej,False,https://pic4.zhimg.com/v2-95daf904fb99c9f6bdfaa4a863320a78_l.jpg,https://pic2.zhimg.com/v2-95daf904fb99c9f6bdfaa4a863320a78.jpg,False,people,https://www.zhihu.com/api/v4/people/ajakbej,people,学生,1,False,"{'is_vip': True, 'rename_days': '60', 'vip_icon': {'url': 'https://pic3.zhimg.com/v2-4812630bc27d642f7cafcd6cdeca3d7a_r.png', 'night_mode_url': 'https://pic1.zhimg.com/v2-c9686ff064ea3579730756ac6c289978_r.png'}}",,False,False,1,1,1,True,
d99844ce0d456876168810dce38cff68,da-da-guai-jiang-jun-87-30,大大怪将军,False,https://pic2.zhimg.com/v2-675e1d68fd4906092a90532b6c61dfe4_l.jpg,https://pic3.zhimg.com/v2-675e1d68fd4906092a90532b6c61dfe4.jpg,False,people,https://www.zhihu.com/api/v4/people/da-da-guai-jiang-jun-87-30,people,,-1,False,"{'is_vip': False, 'rename_days': '60'}",,False,False,0,26,0,True,
b23c1aa6c535557bf6b4716466d1df9e,wsphx.love,来自獐子岛的扇贝,False,https://pic3.zhimg.com/v2-657e6dbcbd3f4599357e45c5a11212de_l.jpg,https://pic1.zhimg.com/v2-657e6dbcbd3f4599357e45c5a11212de.jpg,False,people,https://www.zhihu.com/api/v4/people/wsphx.love,people,坚定的弗洛伊德主义战士，死不悔改的拉康派,1,False,"{'is_vip': True, 'rename_days': '60', 'vip_icon': {'url': 'https://pic4.zhimg.com/v2-4812630bc27d642f7cafcd6cdeca3d7a_r.png', 'night_mode_url': 'https://pic3.zhimg.com/v2-c9686ff064ea3579730756ac6c289978_r.png'}}",,False,False,134,44,20,True,
fa68304d2553e65a3cb0bbb1778645ea,mingchen-liu,asdf-quark,False,https://pic1.zhimg.com/v2-43ad6c63b2089a190d3fc0ec901bae09_l.jpg,https://pic2.zhimg.com/v2-43ad6c63b2089a190d3fc0ec901bae09.jpg,False,people,https://www.zhihu.com/api/v4/people/mingchen-liu,people,,1,False,"{'is_vip': False, 'rename_days': '60'}",,False,False,1,18,0,True,
25a1f496a58aa02f9d7040bf40f1adfb,wu-zi-shen-44,Kaddish,False,https://pic1.zhimg.com/v2-736ec081125ac2a2d3ac469f0a15c560_l.jpg,https://pic1.zhimg.com/v2-736ec081125ac2a2d3ac469f0a15c560.jpg,False,people,https://www.zhihu.com/api/v4/people/wu-zi-shen-44,people,Buddhist,1,False,"{'is_vip': False, 'rename_days': '60'}",,False,False,1,0,0,True,
6117d75f1f8e63f666f3e87818a7278b,asdf-96-54,asdf,False,https://pic3.zhimg.com/v2-13107e69617bdfd16c502d52acebf361_l.jpg,https://pic1.zhimg.com/v2-13107e69617bdfd16c502d52acebf361.jpg,False,people,https://www.zhihu.com/api/v4/people/asdf-96-54,people,,-1,False,"{'is_vip': False, 'rename_days': '60'}",,False,False,0,0,0,False,
8cbb112051aa913318264f17dbd56a54,wu-yan-45-22-33,无言,False,https://pic2.zhimg.com/v2-563f546c16204a6b91d0dd768694b288_l.jpg,https://pic4.zhimg.com/v2-563f546c16204a6b91d0dd768694b288.jpg,False,people,https://www.zhihu.com/api/v4/people/wu-yan-45-22-33,people,,-1,False,"{'is_vip': False, 'rename_days': '60'}",,False,False,0,1,0,True,
dabebbc3fd063939b352b5c5a3d17d55,jiu-shi-miao-miao-jiao-ya,asid,False,https://pic3.zhimg.com/v2-da390322146237cc7f36b667bc26106e_l.jpg,https://pic2.zhimg.com/v2-da390322146237cc7f36b667bc26106e.jpg,False,people,https://www.zhihu.com/api/v4/people/jiu-shi-miao-miao-jiao-ya,people,,-1,False,"{'is_vip': False, 'rename_days': '60'}",,False,False,0,0,0,True,
f4cd5346a1e92d3a962555d43129b21c,zhou-jie-lun-97-16,晏紫苏,False,https://pic3.zhimg.com/v2-fa643d038fe69aec3f073d23de1e3fd3_l.jpg,https://pic3.zhimg.com/v2-fa643d038fe69aec3f073d23de1e3fd3.jpg,False,people,https://www.zhihu.com/api/v4/people/zhou-jie-lun-97-16,people,世界这么闷，我想逗逗它,0,False,"{'is_vip': False, 'rename_days': '60'}",,False,False,117,21,0,True,
03118485c7c5a730b0604fe67fbaa800,qian-xun-73-95,且听风吟,False,https://pic3.zhimg.com/v2-20c4bf348add3263df82ced27de74e3e_l.jpg,https://pic1.zhimg.com/v2-20c4bf348add3263df82ced27de74e3e.jpg,False,people,https://www.zhihu.com/api/v4/people/qian-xun-73-95,people,苦逼学生党,1,False,"{'is_vip': False, 'rename_days': '60'}",,False,False,17,22,0,True,
f7fe43517694f954466ff36b0c5bc3ba,wu-yu-lun-bi-85-51,无与伦比,False,https://pic2.zhimg.com/v2-566efbb6e370cb5ecca419ada5b625ba_l.jpg,https://pic2.zhimg.com/v2-566efbb6e370cb5ecca419ada5b625ba.jpg,False,people,https://www.zhihu.com/api/v4/people/wu-yu-lun-bi-85-51,people,,-1,False,"{'is_vip': False, 'rename_days': '60'}",,False,False,0,0,0,True,
afab3ddf312663153328098bcfe53bba,oreki-91,OREKI,False,https://pic3.zhimg.com/v2-e28e069343c7276c61c02af3e8db1cec_l.jpg,https://pic4.zhimg.com/v2-e28e069343c7276c61c02af3e8db1cec.jpg,False,people,https://www.zhihu.com/api/v4/people/oreki-91,people,,-1,False,"{'is_vip': False, 'rename_days': '60'}",,False,False,0,0,0,True,
9fb394c481ef1b27a662a1e039cf3d81,jing-yi-qing-xin,想逆袭男神的肥宅,False,https://pic2.zhimg.com/v2-d8c35989de247f92876b675239981670_l.jpg,https://pic1.zhimg.com/v2-d8c35989de247f92876b675239981670.jpg,False,people,https://www.zhihu.com/api/v4/people/jing-yi-qing-xin,people,,1,False,"{'is_vip': False, 'rename_days': '60'}",,False,False,6,3,0,True,
dfb9dbcc9402df1c9e7b17eb0e85ebe2,yao-yao-jiu-37,妖妖玖,False,https://pic2.zhimg.com/v2-54bc902969acc8be41b2c123a7ed9a8e_l.jpg,https://pic2.zhimg.com/v2-54bc902969acc8be41b2c123a7ed9a8e.jpg,False,people,https://www.zhihu.com/api/v4/people/yao-yao-jiu-37,people,一不小心进入了化学深渊的学渣。,-1,False,"{'is_vip': True, 'rename_days': '60', 'vip_icon': {'url': 'https://pic2.zhimg.com/v2-4812630bc27d642f7cafcd6cdeca3d7a_r.png', 'night_mode_url': 'https://pic2.zhimg.com/v2-c9686ff064ea3579730756ac6c289978_r.png'}}",,False,False,4,44,0,True,
6b8c82802697e9d64259e445549344c2,jun-du-1,飘飖,False,https://pic3.zhimg.com/v2-95a751b2c7cd4f99a0984784833920ee_l.jpg,https://pic1.zhimg.com/v2-95a751b2c7cd4f99a0984784833920ee.jpg,False,people,https://www.zhihu.com/api/v4/people/jun-du-1,people,再次相遇的时候，请一定要回头。,0,False,"{'is_vip': False, 'rename_days': '60'}",,False,False,1910,40,0,True,
c2ef5649984d522a80957d2201792120,liang-zhong-zheng-85,虎山行,True,https://pic4.zhimg.com/da8e974dc_l.jpg,https://pic3.zhimg.com/da8e974dc.jpg,False,people,https://www.zhihu.com/api/v4/people/liang-zhong-zheng-85,people,,-1,False,"{'is_vip': False, 'rename_days': '60'}",,False,False,0,6,0,True,
ed5c57eee63a19691f31f7e97d42f9b5,shen-jing-wa-83-65-52,神经蛙,False,https://pic2.zhimg.com/v2-107a8e0c710ee5922e0c4b935b934500_l.jpg,https://pic1.zhimg.com/v2-107a8e0c710ee5922e0c4b935b934500.jpg,False,people,https://www.zhihu.com/api/v4/people/shen-jing-wa-83-65-52,people,,-1,False,"{'is_vip': False, 'rename_days': '60'}",,False,False,0,0,0,False,
b89c969c9e02ababc6bd112ae1ec667c,feng-yan-li-hua-an-ru-xue,秋白,False,https://pic1.zhimg.com/v2-025d3c84490cf1d544b7b92de66acc5b_l.jpg,https://pic3.zhimg.com/v2-025d3c84490cf1d544b7b92de66acc5b.jpg,False,people,https://www.zhihu.com/api/v4/people/feng-yan-li-hua-an-ru-xue,people,这个人很懒可还是想留下些什么。,1,False,"{'is_vip': False, 'rename_days': '60'}",,False,False,2,11,0,True,
ac910ac9ff50d82137704a3c51d778e1,da-da-da-45-39-56,哒哒哒,True,https://pic2.zhimg.com/da8e974dc_l.jpg,https://pic3.zhimg.com/da8e974dc.jpg,False,people,https://www.zhihu.com/api/v4/people/da-da-da-45-39-56,people,,-1,False,"{'is_vip': False, 'rename_days': '60'}",,False,False,0,0,0,True,
5cfe9bdc4b8c63f2c00f7dd5f9b9771c,zhou-yin-yin-20,周喵喵,False,https://pic4.zhimg.com/85bca4a060e2532f6b77515e5b958ff9_l.jpg,https://pic2.zhimg.com/85bca4a060e2532f6b77515e5b958ff9.jpg,False,people,https://www.zhihu.com/api/v4/people/zhou-yin-yin-20,people,深井冰患者晚期。,0,False,"{'is_vip': False, 'rename_days': '60'}",,False,False,75,84,0,True,
89db3b1cca156ab75220bbf8989ddee1,niu-mo-wang-de-bi-zi,牛魔王的鼻子,False,https://pic3.zhimg.com/v2-76deba71240d2770c653ca27c02f1245_l.jpg,https://pic4.zhimg.com/v2-76deba71240d2770c653ca27c02f1245.jpg,False,people,https://www.zhihu.com/api/v4/people/niu-mo-wang-de-bi-zi,people,免费回答高中地理,1,False,"{'is_vip': False, 'rename_days': '60'}",,False,False,2,172,1,True,
97b4b2a49043dc92f2529da301ff9c22,run-chun-abian-bian,猪和猴塞雷,False,https://pic2.zhimg.com/v2-d9568f496280954f1e77b3ae18b6ce0b_l.jpg,https://pic3.zhimg.com/v2-d9568f496280954f1e77b3ae18b6ce0b.jpg,False,people,https://www.zhihu.com/api/v4/people/run-chun-abian-bian,people,窝窝头一块钱四个！嘿嘿！！,1,False,"{'is_vip': False, 'rename_days': '60'}",,False,False,1,0,0,True,
23ff16d6c8cc23022a7a9ce08d3c33d0,xiang-yi-72-90,向奕,False,https://pic3.zhimg.com/9c15b88cc1ade3d61f129da2ed355ac3_l.jpg,https://pic3.zhimg.com/9c15b88cc1ade3d61f129da2ed355ac3.jpg,False,people,https://www.zhihu.com/api/v4/people/xiang-yi-72-90,people,交互设计,-1,False,"{'is_vip': False, 'rename_days': '60'}",,False,False,9,48,0,False,
323e6b31a0739ff5a9cfd98a3103c6f5,jing-jian-68-65,旌戬,False,https://pic2.zhimg.com/v2-6b0743cb0a5885d6ccac90e8b2c1f3fc_l.jpg,https://pic1.zhimg.com/v2-6b0743cb0a5885d6ccac90e8b2c1f3fc.jpg,False,people,https://www.zhihu.com/api/v4/people/jing-jian-68-65,people,,-1,False,"{'is_vip': False, 'rename_days': '60'}",,False,False,0,0,0,True,
933fc03a2d410f19313e4dd6e7f2c15d,ai-qi-duo-nuo-80,埃琦多纳,False,https://pic1.zhimg.com/v2-03e1217c164619065c88c94c26f321f1_l.jpg,https://pic1.zhimg.com/v2-03e1217c164619065c88c94c26f321f1.jpg,False,people,https://www.zhihu.com/api/v4/people/ai-qi-duo-nuo-80,people,风俗娘真好看！！！,1,False,"{'is_vip': False, 'rename_days': '60'}",,False,False,4,46,0,True,
0d452d7724d8f00382af678df3b80d46,hteifl,HTEIFL,True,https://pic1.zhimg.com/da8e974dc_l.jpg,https://pic4.zhimg.com/da8e974dc.jpg,False,people,https://www.zhihu.com/api/v4/people/hteifl,people,,-1,False,"{'is_vip': False, 'rename_days': '60'}",,False,False,0,1,0,True,
fe22f244dc93b193692ae61639106c6a,xu-xie-10-71,Xxxxxy,False,https://pic4.zhimg.com/6c39e6aff331977f269990d43d3fb003_l.jpg,https://pic2.zhimg.com/6c39e6aff331977f269990d43d3fb003.jpg,False,people,https://www.zhihu.com/api/v4/people/xu-xie-10-71,people,,1,False,"{'is_vip': False, 'rename_days': '60'}",,False,False,20,3,0,True,
a8b949092def7f203332869d905e420b,ming-huo-an,记忆的爪牙,False,https://pic2.zhimg.com/v2-383a4249652e43277ec96f104c232e19_l.jpg,https://pic2.zhimg.com/v2-383a4249652e43277ec96f104c232e19.jpg,False,people,https://www.zhihu.com/api/v4/people/ming-huo-an,people,,-1,False,"{'is_vip': False, 'rename_days': '60'}",,False,False,0,0,0,True,
c54ce6c0a46bd103e3e616981b1b678a,shi-yang-23-42,施扬,False,https://pic2.zhimg.com/v2-bbca4ffb3c9bf25d1d2e70950682b303_l.jpg,https://pic4.zhimg.com/v2-bbca4ffb3c9bf25d1d2e70950682b303.jpg,False,people,https://www.zhihu.com/api/v4/people/shi-yang-23-42,people,,1,False,"{'is_vip': False, 'rename_days': '60'}",,False,False,25,19,0,True,
7778ac5be21ba4d1dfe6c81431da3dca,wei-lu-ning-13,yuki,False,https://pic4.zhimg.com/v2-683c49f70746573eb0e3c69a70179fa1_l.jpg,https://pic1.zhimg.com/v2-683c49f70746573eb0e3c69a70179fa1.jpg,False,people,https://www.zhihu.com/api/v4/people/wei-lu-ning-13,people,,1,False,"{'is_vip': False, 'rename_days': '60'}",,False,False,0,0,0,True,
b7ba3b99add40f0a91062321ae1bb0d5,xiongi-73,转蓝,False,https://pic3.zhimg.com/e2e8311e5_l.jpg,https://pic4.zhimg.com/e2e8311e5.jpg,False,people,https://www.zhihu.com/api/v4/people/xiongi-73,people,,0,False,"{'is_vip': False, 'rename_days': '60'}",,False,False,0,2,0,True,
201a9dd21a0ee9e5aa1605ebfa7e823f,he-sui-34-46,「已注销」,True,https://pic1.zhimg.com/da8e974dc_l.jpg,https://pic4.zhimg.com/da8e974dc.jpg,False,people,https://www.zhihu.com/api/v4/people/he-sui-34-46,people,,0,False,"{'is_vip': False, 'rename_days': '60'}",,False,False,0,0,0,False,
7b12bad1044608a7a32dda17e0628659,paradiseofheaven,柚子炸裂喵,False,https://pic4.zhimg.com/v2-75e537ce2a008be768bc4065125dd335_l.jpg,https://pic3.zhimg.com/v2-75e537ce2a008be768bc4065125dd335.jpg,False,people,https://www.zhihu.com/api/v4/people/paradiseofheaven,people,正反方全盘接受，不断打破重长。,1,False,"{'is_vip': False, 'rename_days': '60'}",,False,False,11,23,0,True,
df5e8ade3cf44e43ab63047cb247bdce,opqohaha,NIVEA,False,https://pic1.zhimg.com/4b965174307b2bbe202aba65d7ed2ada_l.jpg,https://pic2.zhimg.com/4b965174307b2bbe202aba65d7ed2ada.jpg,False,people,https://www.zhihu.com/api/v4/people/opqohaha,people,爱吃爱跑爱健身,1,False,"{'is_vip': True, 'rename_days': '60', 'vip_icon': {'url': 'https://pic2.zhimg.com/v2-4812630bc27d642f7cafcd6cdeca3d7a_r.png', 'night_mode_url': 'https://pic2.zhimg.com/v2-c9686ff064ea3579730756ac6c289978_r.png'}}",,False,False,341,20,0,True,
fdf754f28cc287bc75a26db28067bc2a,ha-ha-ha-ha-43-12-14,哈哈哈哈,True,https://pic1.zhimg.com/da8e974dc_l.jpg,https://pic4.zhimg.com/da8e974dc.jpg,False,people,https://www.zhihu.com/api/v4/people/ha-ha-ha-ha-43-12-14,people,,-1,False,"{'is_vip': False, 'rename_days': '60'}",,False,False,0,0,0,True,
28bfbea593e4c14ea9e7cd9251c81daf,di-geng-si-59,狄更斯,True,https://pic4.zhimg.com/da8e974dc_l.jpg,https://pic1.zhimg.com/da8e974dc.jpg,False,people,https://www.zhihu.com/api/v4/people/di-geng-si-59,people,,-1,False,"{'is_vip': False, 'rename_days': '60'}",,False,False,0,0,0,True,
6047a031e534bff43f39a30504a9dea6,guo-yi-jun-46-66,Yuri,False,https://pic2.zhimg.com/v2-dd73b37aed12f13ed6ba2a7429351094_l.jpg,https://pic4.zhimg.com/v2-dd73b37aed12f13ed6ba2a7429351094.jpg,False,people,https://www.zhihu.com/api/v4/people/guo-yi-jun-46-66,people,想从冰山一隅看到整个世界。,0,False,"{'is_vip': False, 'rename_days': '60'}",,False,False,474,46,0,True,
cd72d35464ca84c9acd0d5ccc4b977b6,dai-xi-ta-da-biao-gu-de-bang-bang-niu,想名字太蛮烦了,False,https://pic1.zhimg.com/v2-a6cc4ce5bcd079bf6b13789ba4e18409_l.jpg,https://pic4.zhimg.com/v2-a6cc4ce5bcd079bf6b13789ba4e18409.jpg,False,people,https://www.zhihu.com/api/v4/people/dai-xi-ta-da-biao-gu-de-bang-bang-niu,people,,-1,False,"{'is_vip': False, 'rename_days': '60'}",,False,False,2,87,0,True,
c9c38b6ecf8cc2dd0be8c27f5ac5b63d,yu-guo-qu-zhuang-shan,与过去撞衫,False,https://pic3.zhimg.com/a3680f159ceb158da0b263b5bd2bc2c1_l.jpg,https://pic4.zhimg.com/a3680f159ceb158da0b263b5bd2bc2c1.jpg,False,people,https://www.zhihu.com/api/v4/people/yu-guo-qu-zhuang-shan,people,学生,-1,False,"{'is_vip': False, 'rename_days': '60'}",,False,False,2,42,0,True,
a49945892828b6b5c299e495a30f6a10,long-gong-gong-76,龙共公,False,https://pic4.zhimg.com/v2-d81a0f9124b1e03a4a97f0a7915acc61_l.jpg,https://pic2.zhimg.com/v2-d81a0f9124b1e03a4a97f0a7915acc61.jpg,False,people,https://www.zhihu.com/api/v4/people/long-gong-gong-76,people,健身爱好者,1,False,"{'is_vip': False, 'rename_days': '60'}",,False,False,2,10,0,True,
89c62b18c9e3c1bedc58f9a69c071e7e,jiang-bing-23-13,冰太一,False,https://pic3.zhimg.com/v2-7fdd0d1b31e9acfb7625b49b9ba70e64_l.jpg,https://pic3.zhimg.com/v2-7fdd0d1b31e9acfb7625b49b9ba70e64.jpg,False,people,https://www.zhihu.com/api/v4/people/jiang-bing-23-13,people,年纪大了,1,False,"{'is_vip': False, 'rename_days': '60'}",,False,False,60,199,0,True,
12422061eb33ac9624e0244ae8d23dea,kaxiliyasi4,kaxiliyasi4,False,https://pic4.zhimg.com/v2-6184cdd0c0f9c16815cee05ea987a7a4_l.jpg,https://pic1.zhimg.com/v2-6184cdd0c0f9c16815cee05ea987a7a4.jpg,False,people,https://www.zhihu.com/api/v4/people/kaxiliyasi4,people,学生,-1,False,"{'is_vip': False, 'rename_days': '60'}",,False,False,0,0,0,True,
ba98c5468df08f5d6f3de745ebabcdc9,zaoyinvyiya,莫羡,False,https://pic3.zhimg.com/v2-7453460dd4f20da4c24cd9a0bf02d41b_l.jpg,https://pic2.zhimg.com/v2-7453460dd4f20da4c24cd9a0bf02d41b.jpg,False,people,https://www.zhihu.com/api/v4/people/zaoyinvyiya,people,苏菲思想/产品经理/分子人类学爱好者,1,False,"{'is_vip': False, 'rename_days': '60'}",,False,False,6999,272,5,True,
f37322ffd2523718cad5c345070fe83f,a-fu-jia-de-luo-37-36,几多悲欢喜怒,False,https://pic2.zhimg.com/v2-7928f3fb665804bf484928f2177daf33_l.jpg,https://pic4.zhimg.com/v2-7928f3fb665804bf484928f2177daf33.jpg,False,people,https://www.zhihu.com/api/v4/people/a-fu-jia-de-luo-37-36,people,"四方英杰，各有异同
议论纷纷，多言何意",1,False,"{'is_vip': False, 'rename_days': '60'}",,False,False,2,49,0,True,
ceeb571f9be7164f3194f9af95a94872,chen-zhen-zhu-19,hula hoop,False,https://pic4.zhimg.com/v2-7096598a07e7715bee4a8e2a01f5595c_l.jpg,https://pic1.zhimg.com/v2-7096598a07e7715bee4a8e2a01f5595c.jpg,False,people,https://www.zhihu.com/api/v4/people/chen-zhen-zhu-19,people,,0,False,"{'is_vip': False, 'rename_days': '60'}",,False,False,2,3,0,True,
aa3ff115b5240ca36e245c99183ce37b,haitian-gu,墨尔本情人,False,https://pic2.zhimg.com/v2-39f5f019de0c6ba4e5bb247022b87f8f_l.jpg,https://pic4.zhimg.com/v2-39f5f019de0c6ba4e5bb247022b87f8f.jpg,False,people,https://www.zhihu.com/api/v4/people/haitian-gu,people,大学教师,1,False,"{'is_vip': True, 'rename_days': '60', 'vip_icon': {'url': 'https://pic3.zhimg.com/v2-4812630bc27d642f7cafcd6cdeca3d7a_r.png', 'night_mode_url': 'https://pic3.zhimg.com/v2-c9686ff064ea3579730756ac6c289978_r.png'}}",,False,False,54,51,0,True,
a81ea1beab209cc24d8e50f5919c99e6,ju-wai-ren-66-89-47,局外人,False,https://pic1.zhimg.com/v2-2c3e7179fdd389fc13ad91c83e99451a_l.jpg,https://pic4.zhimg.com/v2-2c3e7179fdd389fc13ad91c83e99451a.jpg,False,people,https://www.zhihu.com/api/v4/people/ju-wai-ren-66-89-47,people,,-1,False,"{'is_vip': False, 'rename_days': '60'}",,False,False,3,0,0,True,
b6e47d1cef511e45fc6db4ad5fe36b90,song-yu-65-43,宋玉,False,https://pic3.zhimg.com/d650307121a2db7402d75f9e0e1e87a8_l.jpg,https://pic3.zhimg.com/d650307121a2db7402d75f9e0e1e87a8.jpg,False,people,https://www.zhihu.com/api/v4/people/song-yu-65-43,people,,0,False,"{'is_vip': False, 'rename_days': '60'}",,False,False,19,52,0,True,
47cfd14790ede42282b4d935a105d618,fan-meng-20-58-26,入江之鲸,False,https://pic4.zhimg.com/v2-ff25f4c6c9ad5bcbc998ed649e475163_l.jpg,https://pic2.zhimg.com/v2-ff25f4c6c9ad5bcbc998ed649e475163.jpg,False,people,https://www.zhihu.com/api/v4/people/fan-meng-20-58-26,people,和你一起偷吃月亮,0,False,"{'is_vip': False, 'rename_days': '60'}",,False,False,423,8,3,True,
e24c643f2a7e2a13d5c29269f18d9fd1,ju-dou-ju-dou,句逗句逗,False,https://pic3.zhimg.com/v2-e478f9f6e4d81d6fdad317b683226566_l.jpg,https://pic4.zhimg.com/v2-e478f9f6e4d81d6fdad317b683226566.jpg,False,people,https://www.zhihu.com/api/v4/people/ju-dou-ju-dou,people,王者资深玩家，药学相关专业硕士在读，喜欢橘瑠衣，互关一波鸭,1,False,"{'is_vip': False, 'rename_days': '60'}",,False,False,33,96,0,True,
122f4dae3055239a1335c02bcd0104f2,zhang-peng-37-25,张鹏,False,https://pic1.zhimg.com/v2-68e6fd3797c3435fb7783981f75e825e_l.jpg,https://pic4.zhimg.com/v2-68e6fd3797c3435fb7783981f75e825e.jpg,False,people,https://www.zhihu.com/api/v4/people/zhang-peng-37-25,people,从来都是只有后来！没有后悔,1,False,"{'is_vip': False, 'rename_days': '60'}",,False,False,3,30,0,True,
88c0838670bc47277e3bd8c1225078eb,kang-sheng-27-40,康笙,False,https://pic1.zhimg.com/v2-897108ad79aab236e1314b85d2c6bd96_l.jpg,https://pic1.zhimg.com/v2-897108ad79aab236e1314b85d2c6bd96.jpg,False,people,https://www.zhihu.com/api/v4/people/kang-sheng-27-40,people,,-1,False,"{'is_vip': False, 'rename_days': '60'}",,False,False,2,0,0,True,
624908d073b7b21eebd911a33cc505d3,yu-ran-82-68-80,羽然,False,https://pic4.zhimg.com/v2-0fffae5b79fdc9fe57df438ada43bc94_l.jpg,https://pic4.zhimg.com/v2-0fffae5b79fdc9fe57df438ada43bc94.jpg,False,people,https://www.zhihu.com/api/v4/people/yu-ran-82-68-80,people,陌上诗书闲处好,0,False,"{'is_vip': True, 'rename_days': '60', 'vip_icon': {'url': 'https://pic1.zhimg.com/v2-4812630bc27d642f7cafcd6cdeca3d7a_r.png', 'night_mode_url': 'https://pic2.zhimg.com/v2-c9686ff064ea3579730756ac6c289978_r.png'}}",,False,False,480,488,39,True,
4f4ba84063d54e76b48f1d3c0400710f,qing-shu-ru-wen-zi,请输入文字,False,https://pic1.zhimg.com/6051fb50444c24ea2e9abebe9cb4c6c8_l.jpg,https://pic4.zhimg.com/6051fb50444c24ea2e9abebe9cb4c6c8.jpg,False,people,https://www.zhihu.com/api/v4/people/qing-shu-ru-wen-zi,people,,-1,False,"{'is_vip': False, 'rename_days': '60'}",,False,False,7,7,0,True,
55151871406e0bfbdc1cde3e71604194,hei-pi-bo-ben-jun,黑皮波本君,False,https://pic3.zhimg.com/v2-45b5e05a8d8640eefbd656c398d4c74a_l.jpg,https://pic3.zhimg.com/v2-45b5e05a8d8640eefbd656c398d4c74a.jpg,False,people,https://www.zhihu.com/api/v4/people/hei-pi-bo-ben-jun,people,在知乎的海洋里，我是一只不会游泳的菜鸡,0,False,"{'is_vip': False, 'rename_days': '60'}",,False,False,11,13,0,True,
489cc8e4a6a62ec055127fadf031e751,shu-yu-hua-3,明伊宁,False,https://pic4.zhimg.com/v2-f8ccc52fc36d6dce13422ba79423c2cc_l.jpg,https://pic2.zhimg.com/v2-f8ccc52fc36d6dce13422ba79423c2cc.jpg,False,people,https://www.zhihu.com/api/v4/people/shu-yu-hua-3,people,热爱正典是智慧的开端。,1,False,"{'is_vip': False, 'rename_days': '60'}",,False,False,52,12,0,True,
20859c144c535ea58d90f79d1bae7f90,hot-summer-95,李伯伯的小表妹,False,https://pic1.zhimg.com/v2-5977fa66910141b65ab817d6a26c829f_l.jpg,https://pic3.zhimg.com/v2-5977fa66910141b65ab817d6a26c829f.jpg,False,people,https://www.zhihu.com/api/v4/people/hot-summer-95,people,风花月似戏一场，遗容任你瞻仰,0,False,"{'is_vip': False, 'rename_days': '60'}",,False,False,378,8,0,True,
91e9597f626d41f686c88dcc0f7799c4,zhong-gong-dian,中宫殿,False,https://pic2.zhimg.com/v2-d4ab88f9a138d007b163bf1786793128_l.jpg,https://pic1.zhimg.com/v2-d4ab88f9a138d007b163bf1786793128.jpg,False,people,https://www.zhihu.com/api/v4/people/zhong-gong-dian,people,没什么可说的,-1,False,"{'is_vip': False, 'rename_days': '60'}",,False,False,1396,317,1,True,
effa03fc716057fe9676c7dcdbece62e,ben-cao-ge-zi-pu,本草阁子铺,False,https://pic3.zhimg.com/v2-177f53e1e8a86994f74662289456cfc4_l.jpg,https://pic1.zhimg.com/v2-177f53e1e8a86994f74662289456cfc4.jpg,False,people,https://www.zhihu.com/api/v4/people/ben-cao-ge-zi-pu,people,专注脚气灰指甲15年,-1,False,"{'is_vip': False, 'rename_days': '60'}",,False,False,9,2,0,True,
cb93ffc50fc1dbd7960be11d8ba06301,a-hhhlll,吖hhhlll,False,https://pic4.zhimg.com/v2-9fa08d6436c1cd5baf13b3cf711dd86a_l.jpg,https://pic4.zhimg.com/v2-9fa08d6436c1cd5baf13b3cf711dd86a.jpg,False,people,https://www.zhihu.com/api/v4/people/a-hhhlll,people,,-1,False,"{'is_vip': False, 'rename_days': '60'}",,False,False,0,0,0,True,
461f7359326bb13e27c1404e18632659,jun-jun-17-90-64,君君,False,https://pic3.zhimg.com/v2-47b2516a556c4ef3bcd427a39a935b2e_l.jpg,https://pic2.zhimg.com/v2-47b2516a556c4ef3bcd427a39a935b2e.jpg,False,people,https://www.zhihu.com/api/v4/people/jun-jun-17-90-64,people,,-1,False,"{'is_vip': False, 'rename_days': '60'}",,False,False,0,0,0,True,
1ab324f3c260a58c5fede77dac87fd78,gai-dao-lan-tian-fei-xiang,该到蓝天飞翔,False,https://pic1.zhimg.com/v2-ee6cefb62c819c5382b9f7de82e1e304_l.jpg,https://pic1.zhimg.com/v2-ee6cefb62c819c5382b9f7de82e1e304.jpg,False,people,https://www.zhihu.com/api/v4/people/gai-dao-lan-tian-fei-xiang,people,,-1,False,"{'is_vip': False, 'rename_days': '60'}",,False,False,27,26,0,True,
dc7d540895fbe7df77dc3a8a92b42ec5,tong-ge-40-35,通哥,True,https://pic2.zhimg.com/da8e974dc_l.jpg,https://pic1.zhimg.com/da8e974dc.jpg,False,people,https://www.zhihu.com/api/v4/people/tong-ge-40-35,people,,-1,False,"{'is_vip': False, 'rename_days': '60'}",,False,False,0,0,0,True,
2d17495deec7c0d4161c7c7e2e8d83a4,zhang-lei-96-55-5,科西嘉的小狮子,False,https://pic4.zhimg.com/v2-2d10d9b616f24c6ac9220fb49d7c6b1f_l.jpg,https://pic3.zhimg.com/v2-2d10d9b616f24c6ac9220fb49d7c6b1f.jpg,False,people,https://www.zhihu.com/api/v4/people/zhang-lei-96-55-5,people,学生,1,False,"{'is_vip': False, 'rename_days': '60'}",,False,False,1,1,0,True,
c25eea5221c95ac3f439aaed96598471,nan-ke-24-1,南柯,False,https://pic3.zhimg.com/v2-becaaeca274136943ee0cca957ac9a41_l.jpg,https://pic1.zhimg.com/v2-becaaeca274136943ee0cca957ac9a41.jpg,False,people,https://www.zhihu.com/api/v4/people/nan-ke-24-1,people,老子的反者道之动,-1,False,"{'is_vip': False, 'rename_days': '60'}",,False,False,0,0,0,True,
ed767ac5b5f2c021b26e7bf30787e37c,sun-60-66-87,sun,False,https://pic3.zhimg.com/v2-47195f2240d2b8fd7c39bbcbd89b1d15_l.jpg,https://pic4.zhimg.com/v2-47195f2240d2b8fd7c39bbcbd89b1d15.jpg,False,people,https://www.zhihu.com/api/v4/people/sun-60-66-87,people,,-1,False,"{'is_vip': False, 'rename_days': '60'}",,False,False,0,0,0,True,
4cdd756d6460982e809af20c914b3659,ma-shi-37-24,路飞,False,https://pic4.zhimg.com/c9c80a3aadfe3984b7c9274e701d39a6_l.jpg,https://pic3.zhimg.com/c9c80a3aadfe3984b7c9274e701d39a6.jpg,False,people,https://www.zhihu.com/api/v4/people/ma-shi-37-24,people,想做架构师的程序员,1,False,"{'is_vip': False, 'rename_days': '60'}",,False,False,13,4,0,True,
46144f20bcd2e3457fb8a89d311c817e,steadyman,Energi,False,https://pic4.zhimg.com/v2-4869633944273194718ce3d1865bcbcb_l.jpg,https://pic2.zhimg.com/v2-4869633944273194718ce3d1865bcbcb.jpg,False,people,https://www.zhihu.com/api/v4/people/steadyman,people,For Urumqi,1,False,"{'is_vip': False, 'rename_days': '60'}",,False,False,120,1,0,True,
c497e7df7e842847b19282df2bd4e8de,xi-men-chui-xue-60-5,Monster,False,https://pic3.zhimg.com/ff6d3a92ebda20d9d65c9f74d12a95a0_l.jpg,https://pic2.zhimg.com/ff6d3a92ebda20d9d65c9f74d12a95a0.jpg,False,people,https://www.zhihu.com/api/v4/people/xi-men-chui-xue-60-5,people,这个人很懒，什么都没有留下。,1,False,"{'is_vip': True, 'rename_days': '60', 'widget': {'url': 'https://pic2.zhimg.com/v2-a3557f6cca50e8dab303754518243f10_r.png', 'night_mode_url': 'https://pic4.zhimg.com/v2-6687f589313041e70e01d6b7acde526a_r.png'}}",,False,False,19,2,0,True,
56d9aa054043c89c71cc9041ab8a58b0,matthew-cavil,OptimusEX,False,https://pic3.zhimg.com/v2-5dafdd5ddc36cc2594b4d0e23f29af16_l.jpg,https://pic3.zhimg.com/v2-5dafdd5ddc36cc2594b4d0e23f29af16.jpg,False,people,https://www.zhihu.com/api/v4/people/matthew-cavil,people,,1,False,"{'is_vip': False, 'rename_days': '60'}",,False,False,0,2,0,True,
1f6c590d4e9aa9071190a520ca9ab14c,xian-yu-wu-ai,亡鸦渡寒塘,False,https://pic3.zhimg.com/0ab26da028619b5214246b53bbd98333_l.jpg,https://pic3.zhimg.com/0ab26da028619b5214246b53bbd98333.jpg,False,people,https://www.zhihu.com/api/v4/people/xian-yu-wu-ai,people,,0,False,"{'is_vip': False, 'rename_days': '60'}",,False,False,4,0,0,True,
835ec45f8697c840c25509b662983f4c,jing-qi-13-41,旌旗,False,https://pic2.zhimg.com/v2-16d50680bd95b29a52d0b11fc7a23e99_l.jpg,https://pic4.zhimg.com/v2-16d50680bd95b29a52d0b11fc7a23e99.jpg,False,people,https://www.zhihu.com/api/v4/people/jing-qi-13-41,people,学在珞珈山,-1,False,"{'is_vip': False, 'rename_days': '60'}",,False,False,66,0,0,True,
9cf1012942f2fd07fd0186645c7a18e8,123-59-6-4,123,True,https://pic3.zhimg.com/da8e974dc_l.jpg,https://pic3.zhimg.com/da8e974dc.jpg,False,people,https://www.zhihu.com/api/v4/people/123-59-6-4,people,,-1,False,"{'is_vip': False, 'rename_days': '60'}",,False,False,0,0,0,True,
ac7e176f106d254dbc7c83d74400be7e,yong-ye-de-ji-guang-61,永夜的极光,True,https://pic2.zhimg.com/da8e974dc_l.jpg,https://pic2.zhimg.com/da8e974dc.jpg,False,people,https://www.zhihu.com/api/v4/people/yong-ye-de-ji-guang-61,people, 技术宅,-1,False,"{'is_vip': False, 'rename_days': '60'}",,False,False,0,0,0,True,
ef242fdeb4de220e0a9e854aa80c4bae,zhao-yan-22-45,赵岩,True,https://pic3.zhimg.com/da8e974dc_l.jpg,https://pic3.zhimg.com/da8e974dc.jpg,False,people,https://www.zhihu.com/api/v4/people/zhao-yan-22-45,people,淼淼爱喵,-1,False,"{'is_vip': False, 'rename_days': '60'}",,False,False,0,0,0,False,
a0420754ccf23125a4ef8b0b3b923941,bu-ke-45-3,扑克,True,https://pic1.zhimg.com/da8e974dc_l.jpg,https://pic2.zhimg.com/da8e974dc.jpg,False,people,https://www.zhihu.com/api/v4/people/bu-ke-45-3,people,,-1,False,"{'is_vip': False, 'rename_days': '60'}",,False,False,0,0,0,True,
2b9202550a591c247ba63349639a82a3,xing-fang-yu-31,行方宇,False,https://pic2.zhimg.com/951e0c66867f99e9816d39c4b041d106_l.jpg,https://pic1.zhimg.com/951e0c66867f99e9816d39c4b041d106.jpg,False,people,https://www.zhihu.com/api/v4/people/xing-fang-yu-31,people,,1,False,"{'is_vip': True, 'rename_days': '60', 'vip_icon': {'url': 'https://pic4.zhimg.com/v2-4812630bc27d642f7cafcd6cdeca3d7a_r.png', 'night_mode_url': 'https://pic2.zhimg.com/v2-c9686ff064ea3579730756ac6c289978_r.png'}}",,False,False,9,40,0,True,
e167a5c236804896b1f24fb6aadb315d,lu-se-wa-zi-zui-shao-jian,忆凡,False,https://pic3.zhimg.com/v2-a0c80a68f1417e12d7f7942bee9d4f2e_l.jpg,https://pic2.zhimg.com/v2-a0c80a68f1417e12d7f7942bee9d4f2e.jpg,False,people,https://www.zhihu.com/api/v4/people/lu-se-wa-zi-zui-shao-jian,people,,-1,False,"{'is_vip': False, 'rename_days': '60'}",,False,False,1,7,0,True,
553ec5c71464968a2d792788adf36fa1,zhang-li-zhao,张立钊,False,https://pic1.zhimg.com/e46aae7da_l.jpg,https://pic1.zhimg.com/e46aae7da.jpg,False,people,https://www.zhihu.com/api/v4/people/zhang-li-zhao,people,农业学生,1,False,"{'is_vip': False, 'rename_days': '60'}",,False,False,7,2,0,True,
9be2337e9e1695f1e1cd3f115dc05d5e,wu-ming-qing-chong,无名情种,False,https://pic4.zhimg.com/v2-84de4993cf666422045b25645d54b579_l.jpg,https://pic1.zhimg.com/v2-84de4993cf666422045b25645d54b579.jpg,False,people,https://www.zhihu.com/api/v4/people/wu-ming-qing-chong,people,,1,False,"{'is_vip': False, 'rename_days': '60'}",,False,False,0,0,0,True,
9207b160f388f880b437e20ef29d7b32,shi-qi-85-50-5,十七,False,https://pic2.zhimg.com/v2-7b9e19d6f629118c25b848b02d4ef92d_l.jpg,https://pic1.zhimg.com/v2-7b9e19d6f629118c25b848b02d4ef92d.jpg,False,people,https://www.zhihu.com/api/v4/people/shi-qi-85-50-5,people,,-1,False,"{'is_vip': False, 'rename_days': '60'}",,False,False,0,0,0,True,
79c0dfe86f30d1382453495fd2c54caa,emilie-63-38,Emilie,False,https://pic4.zhimg.com/v2-aa2dcea3af4b6e49be59c30b392c91ac_l.jpg,https://pic1.zhimg.com/v2-aa2dcea3af4b6e49be59c30b392c91ac.jpg,False,people,https://www.zhihu.com/api/v4/people/emilie-63-38,people,,-1,False,"{'is_vip': False, 'rename_days': '60'}",,False,False,0,0,0,True,
90d24d168d47ca97890ce1fc639e8e3b,guai-yao-56,乖瑶,True,https://pic4.zhimg.com/da8e974dc_l.jpg,https://pic4.zhimg.com/da8e974dc.jpg,False,people,https://www.zhihu.com/api/v4/people/guai-yao-56,people,,-1,False,"{'is_vip': False, 'rename_days': '60'}",,False,False,0,0,0,True,
78139d3ef2c9896214e725aa688a996c,xiao-hei-niu-9-96,小黑妞,False,https://pic4.zhimg.com/v2-6af660a98bb3802df57fa51d9c5f4da5_l.jpg,https://pic3.zhimg.com/v2-6af660a98bb3802df57fa51d9c5f4da5.jpg,False,people,https://www.zhihu.com/api/v4/people/xiao-hei-niu-9-96,people,,-1,False,"{'is_vip': False, 'rename_days': '60'}",,False,False,0,0,0,True,
55fa30e5dc1298574a5800d5161d4f36,liang-bai-kai-94-77,凉白开,False,https://pic2.zhimg.com/v2-9dcf9f1f46d4c7a91001eaba0fd859d5_l.jpg,https://pic3.zhimg.com/v2-9dcf9f1f46d4c7a91001eaba0fd859d5.jpg,False,people,https://www.zhihu.com/api/v4/people/liang-bai-kai-94-77,people,,-1,False,"{'is_vip': False, 'rename_days': '60'}",,False,False,0,0,0,False,
a55dedde1d77c8fc92d45b4dbd48beab,qian-xiao-an-ran-36-52-65,浅笑安然,False,https://pic2.zhimg.com/v2-1fcb1f161c59dd9dba72a6fdd343437b_l.jpg,https://pic1.zhimg.com/v2-1fcb1f161c59dd9dba72a6fdd343437b.jpg,False,people,https://www.zhihu.com/api/v4/people/qian-xiao-an-ran-36-52-65,people,,-1,False,"{'is_vip': False, 'rename_days': '60'}",,False,False,0,0,0,True,
fa28a991cc0cb89bb2556177af14f9be,ge-sheng-yu-peng-you-5,歌声与朋友,False,https://pic1.zhimg.com/v2-e3ab56ad30bce1bf88ded08f5ea89968_l.jpg,https://pic1.zhimg.com/v2-e3ab56ad30bce1bf88ded08f5ea89968.jpg,False,people,https://www.zhihu.com/api/v4/people/ge-sheng-yu-peng-you-5,people,,-1,False,"{'is_vip': False, 'rename_days': '60'}",,False,False,0,0,0,True,
7efecdd0b34f390ba3ebab5ab21aa4ec,zhi-hu-zhe-ye-97-96-14,知乎者也,False,https://pic2.zhimg.com/v2-382ad1bbe84cb72ec222dce1c684744e_l.jpg,https://pic4.zhimg.com/v2-382ad1bbe84cb72ec222dce1c684744e.jpg,False,people,https://www.zhihu.com/api/v4/people/zhi-hu-zhe-ye-97-96-14,people,,-1,False,"{'is_vip': False, 'rename_days': '60'}",,False,False,0,0,0,True,
85c54a741a9be81c01d0422182105a5b,gu-dao-shou-ma-16,古道瘦马,True,https://pic1.zhimg.com/da8e974dc_l.jpg,https://pic2.zhimg.com/da8e974dc.jpg,False,people,https://www.zhihu.com/api/v4/people/gu-dao-shou-ma-16,people,,-1,False,"{'is_vip': False, 'rename_days': '60'}",,False,False,0,0,0,True,
d2027e9b79c5b6e46eb32d045d656e53,yayaa-95,yayaa,False,https://pic4.zhimg.com/v2-47d7310798bfb38e50319f99ea6f38e6_l.jpg,https://pic3.zhimg.com/v2-47d7310798bfb38e50319f99ea6f38e6.jpg,False,people,https://www.zhihu.com/api/v4/people/yayaa-95,people,,-1,False,"{'is_vip': False, 'rename_days': '60'}",,False,False,0,0,0,True,
6426030c859c860421af7cbf4040ffc0,ani-74-73,ani,True,https://pic3.zhimg.com/da8e974dc_l.jpg,https://pic1.zhimg.com/da8e974dc.jpg,False,people,https://www.zhihu.com/api/v4/people/ani-74-73,people,,-1,False,"{'is_vip': False, 'rename_days': '60'}",,False,False,0,0,0,True,
ed1dc7136f123e40e83beb8e23052986,kai-yuan-hu-pan,开元湖畔,False,https://pic1.zhimg.com/v2-85b24897cd94e423f256207d5dde9831_l.jpg,https://pic4.zhimg.com/v2-85b24897cd94e423f256207d5dde9831.jpg,False,people,https://www.zhihu.com/api/v4/people/kai-yuan-hu-pan,people,,-1,False,"{'is_vip': False, 'rename_days': '60'}",,False,False,0,0,0,True,
8d588313730d8ad17b949c6c3f9d7bb6,wu-zhi-yong-16-96,吴志勇,False,https://pic4.zhimg.com/v2-a71c7bfcfa28c1f1b172eafab5a7ca2e_l.jpg,https://pic3.zhimg.com/v2-a71c7bfcfa28c1f1b172eafab5a7ca2e.jpg,False,people,https://www.zhihu.com/api/v4/people/wu-zhi-yong-16-96,people,,-1,False,"{'is_vip': False, 'rename_days': '60'}",,False,False,0,0,0,False,
bd06b42f0018499391241ec26bc6e668,gua-zhu-ni-6-65,挂住你,False,https://pic3.zhimg.com/v2-148d0376202563e92f242f68162e3d2e_l.jpg,https://pic3.zhimg.com/v2-148d0376202563e92f242f68162e3d2e.jpg,False,people,https://www.zhihu.com/api/v4/people/gua-zhu-ni-6-65,people,,-1,False,"{'is_vip': False, 'rename_days': '60'}",,False,False,0,0,0,True,
7673006b43adfb1fe5e8fd2309b8e955,lan-ren-ke-ji-zi-dong-yue-du,懒人科技自动阅读,False,https://pic3.zhimg.com/v2-89b1ccd87a7b6f476e3584cdd7d81048_l.jpg,https://pic2.zhimg.com/v2-89b1ccd87a7b6f476e3584cdd7d81048.jpg,False,people,https://www.zhihu.com/api/v4/people/lan-ren-ke-ji-zi-dong-yue-du,people,创业 无休止的创业,-1,False,"{'is_vip': False, 'rename_days': '60'}",,False,False,0,0,0,True,
d29c88d7b5b6b876630b15c8863723f0,he-ka-pei-qia-fu-qia,喝咖啡卡夫卡,True,https://pic2.zhimg.com/da8e974dc_l.jpg,https://pic2.zhimg.com/da8e974dc.jpg,False,people,https://www.zhihu.com/api/v4/people/he-ka-pei-qia-fu-qia,people,,-1,False,"{'is_vip': False, 'rename_days': '60'}",,False,False,0,0,0,True,
6f907d746c0d3308e70375d2b8e007ba,sha-shou-a-bart,杀手阿Bart,False,https://pic2.zhimg.com/v2-1727fd2b53af7f6130c3392b28040aab_l.jpg,https://pic4.zhimg.com/v2-1727fd2b53af7f6130c3392b28040aab.jpg,False,people,https://www.zhihu.com/api/v4/people/sha-shou-a-bart,people,,-1,False,"{'is_vip': False, 'rename_days': '60'}",,False,False,1,0,0,True,
69d8eb857c94c89e41939309259cac63,only-42-32-92,ONLY,False,https://pic4.zhimg.com/v2-a02e70d84c48d32386602ec8e08a3988_l.jpg,https://pic1.zhimg.com/v2-a02e70d84c48d32386602ec8e08a3988.jpg,False,people,https://www.zhihu.com/api/v4/people/only-42-32-92,people,,-1,False,"{'is_vip': False, 'rename_days': '60'}",,False,False,0,0,0,False,
15f62ac172b2c62dd7d28b305081d4e6,yang-guang-27-57-41,阳光,False,https://pic4.zhimg.com/v2-d91c07c37543651753010c51ca9e3f1d_l.jpg,https://pic4.zhimg.com/v2-d91c07c37543651753010c51ca9e3f1d.jpg,False,people,https://www.zhihu.com/api/v4/people/yang-guang-27-57-41,people,,-1,False,"{'is_vip': False, 'rename_days': '60'}",,False,False,0,0,0,False,
5c5b5f1bd33962994d4635ff62e4722a,bei-dao-mi-tu-55,北岛迷途,False,https://pic1.zhimg.com/v2-6e152c1577e5cc0d522720f497ed95c1_l.jpg,https://pic3.zhimg.com/v2-6e152c1577e5cc0d522720f497ed95c1.jpg,False,people,https://www.zhihu.com/api/v4/people/bei-dao-mi-tu-55,people,,-1,False,"{'is_vip': False, 'rename_days': '60'}",,False,False,0,0,0,True,
ea3ebd730c0cfe14f8999c0fdd973f92,545074199,545074199,True,https://pic4.zhimg.com/da8e974dc_l.jpg,https://pic1.zhimg.com/da8e974dc.jpg,False,people,https://www.zhihu.com/api/v4/people/545074199,people,,-1,False,"{'is_vip': True, 'rename_days': '60'}",,False,False,0,1,0,True,
03d1fb891facb601682c37725da1acd5,wen-xin-42-10,聚塵賢鼻血流,False,https://pic4.zhimg.com/v2-74a3d8af97af62555b0f1eba4d0b5f07_l.jpg,https://pic3.zhimg.com/v2-74a3d8af97af62555b0f1eba4d0b5f07.jpg,False,people,https://www.zhihu.com/api/v4/people/wen-xin-42-10,people,一支穿云箭，千军万马来相见。,1,False,"{'is_vip': False, 'rename_days': '60', 'widget': {'url': 'https://pic4.zhimg.com/v2-0c434025e204b46bb317a63d9a90e70c_r.png', 'night_mode_url': 'https://pic1.zhimg.com/v2-500a1fae7742678eb260ff4b8d6d84c1_r.png'}}",,False,False,214,252,20,True,
b03235470d84557f52735a5ba2a1486c,wang-liang-57-92-2,电子书网店销售,True,https://pic1.zhimg.com/da8e974dc_l.jpg,https://pic2.zhimg.com/da8e974dc.jpg,False,people,https://www.zhihu.com/api/v4/people/wang-liang-57-92-2,people,爱书，爱电子书，阅读达人。,1,False,"{'is_vip': False, 'rename_days': '60'}",,False,False,5,2,0,True,
328340993f21e995dbd29f29a52846d5,bai-qiu-61-16,白秋,False,https://pic4.zhimg.com/v2-cd4e59e96284e6cd87a05c0ce4d7af3d_l.jpg,https://pic1.zhimg.com/v2-cd4e59e96284e6cd87a05c0ce4d7af3d.jpg,False,people,https://www.zhihu.com/api/v4/people/bai-qiu-61-16,people,,-1,False,"{'is_vip': False, 'rename_days': '60'}",,False,False,2,90,0,True,
74ba9f0cf36ed2261fabce645386cd38,pelicanzui-xiao,pelican最小,False,https://pic3.zhimg.com/v2-6b21b5419aff8250fd311776a73eea8a_l.jpg,https://pic3.zhimg.com/v2-6b21b5419aff8250fd311776a73eea8a.jpg,False,people,https://www.zhihu.com/api/v4/people/pelicanzui-xiao,people,,0,False,"{'is_vip': False, 'rename_days': '60'}",,False,False,1,0,0,True,
041a2b4716b620b532488edad1686e31,chai-dian-xian-yu,差点咸鱼,False,https://pic2.zhimg.com/v2-8e12f99f29cc664e4fe00ea3353bec96_l.jpg,https://pic4.zhimg.com/v2-8e12f99f29cc664e4fe00ea3353bec96.jpg,False,people,https://www.zhihu.com/api/v4/people/chai-dian-xian-yu,people,,-1,False,"{'is_vip': False, 'rename_days': '60'}",,False,False,71,0,0,True,
34cf7c83f89939e551034fc2955159e2,niu-pang-zi-3,牛胖子,False,https://pic4.zhimg.com/v2-e7ef9f995c24609580848743e65d95bf_l.jpg,https://pic3.zhimg.com/v2-e7ef9f995c24609580848743e65d95bf.jpg,False,people,https://www.zhihu.com/api/v4/people/niu-pang-zi-3,people,制作人,-1,False,"{'is_vip': False, 'rename_days': '60'}",,False,False,0,14,0,True,
6c18cc08d4aa1a3a3f927f64822ed0b6,yitiao-shen-qi-de-ku-cha,一条神奇的裤衩,False,https://pic4.zhimg.com/v2-971cad14de030a8d436b28c4ae5b5ece_l.jpg,https://pic4.zhimg.com/v2-971cad14de030a8d436b28c4ae5b5ece.jpg,False,people,https://www.zhihu.com/api/v4/people/yitiao-shen-qi-de-ku-cha,people,it,-1,False,"{'is_vip': False, 'rename_days': '60'}",,False,False,1,3,0,True,
9f762917c9386890a0461c819f4683af,gao-xiao-han-40-16,我爱吃面包,False,https://pic1.zhimg.com/v2-a45597435b6b97a5c502701d0b0f662e_l.jpg,https://pic1.zhimg.com/v2-a45597435b6b97a5c502701d0b0f662e.jpg,False,people,https://www.zhihu.com/api/v4/people/gao-xiao-han-40-16,people,学生,0,False,"{'is_vip': False, 'rename_days': '60'}",,False,False,11,15,0,True,
d14fff3b7c6b847e9bff3c79caad5fc9,jing-shui-shen-liu-67-77-43,静水深流,True,https://pic3.zhimg.com/da8e974dc_l.jpg,https://pic2.zhimg.com/da8e974dc.jpg,False,people,https://www.zhihu.com/api/v4/people/jing-shui-shen-liu-67-77-43,people,流氓,1,False,"{'is_vip': False, 'rename_days': '60'}",,False,False,20,28,0,True,
309cf02d51066a7faa2035559aac5b56,kay-song-53,Kay.Song,True,https://pic3.zhimg.com/da8e974dc_l.jpg,https://pic4.zhimg.com/da8e974dc.jpg,False,people,https://www.zhihu.com/api/v4/people/kay-song-53,people,轻狂少时那些偷过的懒，都成了前进拦路的坎坷。,1,False,"{'is_vip': False, 'rename_days': '60'}",,False,False,2,4,0,True,
35d78218e0162f29863849226da3e062,guo-bao-bao-79,国宝宝,True,https://pic3.zhimg.com/da8e974dc_l.jpg,https://pic2.zhimg.com/da8e974dc.jpg,False,people,https://www.zhihu.com/api/v4/people/guo-bao-bao-79,people,,1,False,"{'is_vip': False, 'rename_days': '60'}",,False,False,58,0,0,False,
33464937b432e7b6548124649a8c5141,ye-ye-guang-hua,烨烨光华,False,https://pic3.zhimg.com/v2-2ebb15037cdd6d01f568afee04333b87_l.jpg,https://pic1.zhimg.com/v2-2ebb15037cdd6d01f568afee04333b87.jpg,False,people,https://www.zhihu.com/api/v4/people/ye-ye-guang-hua,people,,0,False,"{'is_vip': False, 'rename_days': '60'}",,False,False,0,0,0,True,
4811fd5ba76503e02151ea8e727826d4,calm-56,calm,False,https://pic2.zhimg.com/a801d5c94_l.jpg,https://pic1.zhimg.com/a801d5c94.jpg,False,people,https://www.zhihu.com/api/v4/people/calm-56,people,PPP咨询顾问,1,False,"{'is_vip': False, 'rename_days': '60'}",,False,False,9,3,0,True,
82210cc4fdbb772c86bd1f7150246733,123456-39-38,大侠,False,https://pic4.zhimg.com/v2-b5143d68639c9911919cf672dedfcd34_l.jpg,https://pic4.zhimg.com/v2-b5143d68639c9911919cf672dedfcd34.jpg,False,people,https://www.zhihu.com/api/v4/people/123456-39-38,people,,-1,False,"{'is_vip': False, 'rename_days': '60'}",,False,False,2,4,1,True,
6f593914b96b786f1c30a7af822861a6,wang-51-33,wang,True,https://pic2.zhimg.com/da8e974dc_l.jpg,https://pic2.zhimg.com/da8e974dc.jpg,False,people,https://www.zhihu.com/api/v4/people/wang-51-33,people,,-1,False,"{'is_vip': False, 'rename_days': '60'}",,False,False,3,0,2,True,
198924c24a871495db8ad360d9ee7cf3,yu-yun-suan,与运算,False,https://pic1.zhimg.com/6311287384618185210baf71f24f5afa_l.jpg,https://pic3.zhimg.com/6311287384618185210baf71f24f5afa.jpg,False,people,https://www.zhihu.com/api/v4/people/yu-yun-suan,people,属性【生】,1,False,"{'is_vip': False, 'rename_days': '60'}",,False,False,93,160,0,True,
b10bf68f69297a3bbab3fa95f588d6e2,zhang-dong-dong-67-47,张东东,False,https://pic2.zhimg.com/v2-4db895967db5f084c1680d3d29e2eefa_l.jpg,https://pic2.zhimg.com/v2-4db895967db5f084c1680d3d29e2eefa.jpg,False,people,https://www.zhihu.com/api/v4/people/zhang-dong-dong-67-47,people,,1,False,"{'is_vip': False, 'rename_days': '60'}",,False,False,13,64,0,True,
1323d26d227a6c6b682840627f721b07,damaomao_usa,日本神,False,https://pic1.zhimg.com/v2-2fac60bce0269bf7281f062d55c865a9_l.jpg,https://pic1.zhimg.com/v2-2fac60bce0269bf7281f062d55c865a9.jpg,False,people,https://www.zhihu.com/api/v4/people/damaomao_usa,people,假洋鬼子,0,False,"{'is_vip': False, 'rename_days': '60'}",,False,False,159,46,0,False,
67146d46b27624b649efb72f4380f756,yiduo-xian-hua-cha-zai-niu-fen-shang,小散户,False,https://pic1.zhimg.com/v2-8d86d24f58c7ab100b13a02bc774a07f_l.jpg,https://pic3.zhimg.com/v2-8d86d24f58c7ab100b13a02bc774a07f.jpg,False,people,https://www.zhihu.com/api/v4/people/yiduo-xian-hua-cha-zai-niu-fen-shang,people,搬砖的。,-1,False,"{'is_vip': False, 'rename_days': '60'}",,False,False,410,3,0,True,
bf97429f7d408a9f2f2ac6e953c5f2da,yuan-fen-yisheng-tui,匿名怪,False,https://pic3.zhimg.com/v2-b7065eb2ad0fe6792ac326a8f724d817_l.jpg,https://pic4.zhimg.com/v2-b7065eb2ad0fe6792ac326a8f724d817.jpg,False,people,https://www.zhihu.com/api/v4/people/yuan-fen-yisheng-tui,people,,-1,False,"{'is_vip': False, 'rename_days': '60'}",,False,False,1,5,0,True,
764af36083e94ffb9458cccb773ef694,yexuhuiwangji,唯磬,False,https://pic4.zhimg.com/v2-65ff5282678b1f766d68db053ba985e9_l.jpg,https://pic3.zhimg.com/v2-65ff5282678b1f766d68db053ba985e9.jpg,False,people,https://www.zhihu.com/api/v4/people/yexuhuiwangji,people,,0,False,"{'is_vip': False, 'rename_days': '60'}",,False,False,7,38,0,True,
a4184b1898fa14a88d0c277eecd0a36e,ou-zhou-xing-zhi-fei,欧洲星之扉,False,https://pic2.zhimg.com/v2-dec427a09c845e12f8be61c8be3efe5a_l.jpg,https://pic3.zhimg.com/v2-dec427a09c845e12f8be61c8be3efe5a.jpg,False,people,https://www.zhihu.com/api/v4/people/ou-zhou-xing-zhi-fei,people,欧洲移民专业司机,-1,False,"{'is_vip': False, 'rename_days': '60'}",,False,False,37,11,0,True,
5052320af87f58d5b42531d4d2fde756,miao-nu-88,喵奴,False,https://pic2.zhimg.com/v2-5a31854f0fba13234a76271c1bd664b6_l.jpg,https://pic4.zhimg.com/v2-5a31854f0fba13234a76271c1bd664b6.jpg,False,people,https://www.zhihu.com/api/v4/people/miao-nu-88,people,职业深井冰,-1,False,"{'is_vip': False, 'rename_days': '60'}",,False,False,0,4,0,False,
50028dbc9736dfc2f84b7c82c7fbedb4,du-bang-58,隔壁表哥王大根,False,https://pic1.zhimg.com/v2-d3f05e7006e0af094b3d8d3b841b6eae_l.jpg,https://pic2.zhimg.com/v2-d3f05e7006e0af094b3d8d3b841b6eae.jpg,False,people,https://www.zhihu.com/api/v4/people/du-bang-58,people,,1,False,"{'is_vip': False, 'rename_days': '60'}",,False,False,11,28,0,True,
fa68304d2553e65a3cb0bbb1778645ea,mingchen-liu,asdf-quark,False,https://pic4.zhimg.com/v2-43ad6c63b2089a190d3fc0ec901bae09_l.jpg,https://pic1.zhimg.com/v2-43ad6c63b2089a190d3fc0ec901bae09.jpg,False,people,https://www.zhihu.com/api/v4/people/mingchen-liu,people,,1,False,"{'is_vip': False, 'rename_days': '60'}",,False,False,1,18,0,True,
33ec789b943c309382691f4a5a843f9a,zhang-da-ye-10-41,浊池,False,https://pic4.zhimg.com/v2-c44bb6dd5011069a90452b3e1e7a1083_l.jpg,https://pic4.zhimg.com/v2-c44bb6dd5011069a90452b3e1e7a1083.jpg,False,people,https://www.zhihu.com/api/v4/people/zhang-da-ye-10-41,people,修武馆练习中人形剑道靶云栖剑社会员,1,False,"{'is_vip': False, 'rename_days': '60'}",,False,False,24,239,0,True,
fbfbb5b924291ae3f32ab4c43d0b65a0,tan-zi-liang-6,一直行走的橙子,False,https://pic4.zhimg.com/v2-14ddab4ed1f3011beb8b11d8457d0a2c_l.jpg,https://pic2.zhimg.com/v2-14ddab4ed1f3011beb8b11d8457d0a2c.jpg,False,people,https://www.zhihu.com/api/v4/people/tan-zi-liang-6,people,城市规划 建筑师 新媒体,0,False,"{'is_vip': False, 'rename_days': '60'}",,False,False,9,8,2,True,
c4f28212f7306299e25c228a6798cb08,ye-zi-zhi-19,椰子汁,True,https://pic1.zhimg.com/da8e974dc_l.jpg,https://pic4.zhimg.com/da8e974dc.jpg,False,people,https://www.zhihu.com/api/v4/people/ye-zi-zhi-19,people,,-1,False,"{'is_vip': True, 'rename_days': '60', 'vip_icon': {'url': 'https://pic3.zhimg.com/v2-4812630bc27d642f7cafcd6cdeca3d7a_r.png', 'night_mode_url': 'https://pic3.zhimg.com/v2-c9686ff064ea3579730756ac6c289978_r.png'}}",,False,False,0,1,0,True,
3493b7dfb4ecfcc40cac8df438e37d03,tao-qi-34-57,桃七,False,https://pic1.zhimg.com/v2-9e13f2e1fb09c8f5523f43d9f22404af_l.jpg,https://pic4.zhimg.com/v2-9e13f2e1fb09c8f5523f43d9f22404af.jpg,False,people,https://www.zhihu.com/api/v4/people/tao-qi-34-57,people,浪子醉西北,1,False,"{'is_vip': True, 'rename_days': '60', 'vip_icon': {'url': 'https://pic4.zhimg.com/v2-4812630bc27d642f7cafcd6cdeca3d7a_r.png', 'night_mode_url': 'https://pic1.zhimg.com/v2-c9686ff064ea3579730756ac6c289978_r.png'}}",,False,False,45,4,0,True,
43da1921ca881711083d02c8ef0951c0,chen-zhen-33-34-6,陳敶,True,https://pic1.zhimg.com/da8e974dc_l.jpg,https://pic4.zhimg.com/da8e974dc.jpg,False,people,https://www.zhihu.com/api/v4/people/chen-zhen-33-34-6,people,,-1,False,"{'is_vip': False, 'rename_days': '60'}",,False,False,0,1,0,True,
846ad2bfe93b01fe1482ae4e3bc44ad1,zhui-feng-zhe-17-51,mikn白板,False,https://pic1.zhimg.com/v2-32bb04f3693b111ba49c1a5d8a469062_l.jpg,https://pic1.zhimg.com/v2-32bb04f3693b111ba49c1a5d8a469062.jpg,False,people,https://www.zhihu.com/api/v4/people/zhui-feng-zhe-17-51,people,喳喳,-1,False,"{'is_vip': False, 'rename_days': '60'}",,False,False,0,0,0,True,
72c1882077bd2bbef39ca24a82734b00,xiao-tou-ming-7-16,小透明,True,https://pic4.zhimg.com/da8e974dc_l.jpg,https://pic1.zhimg.com/da8e974dc.jpg,False,people,https://www.zhihu.com/api/v4/people/xiao-tou-ming-7-16,people,我就看看不说话,-1,False,"{'is_vip': False, 'rename_days': '60'}",,False,False,1,0,0,True,
